DatasetID,year1,author1,y:Value,y,dy,x1:ResEn,x1(eV),dx1(eV),x2:IncEn,x2(eV),dx2(eV),x3:SecEn,x3(eV),dx3(eV),x4:Angle,x4(deg),dx4(deg),x5:Num,x5,dx5,x6:Other,x6,dx6,x7:Prod,ProdZA,ProdM,zaTarg1,Targ1,Proj,Emiss,Prod1,MF,MT,ReacType,Quant1,nx,indVars,Reacode
A0430002,2002,LUNA Collaboration+,Data(B),9.2e-12,4.00026e-12,null,,,EN(EV),3780.98,0.378098,null,,,null,,,null,,,null,,,null,,,1002,1-H-2,P,G,2-HE-3,3,102,CS,CS,1,2,"1-H-2(P,G)2-HE-3,,SIG"
A0430002,2002,LUNA Collaboration+,Data(B),7.2e-12,2.20029e-12,null,,,EN(EV),3871,0.3871,null,,,null,,,null,,,null,,,null,,,1002,1-H-2,P,G,2-HE-3,3,102,CS,CS,1,2,"1-H-2(P,G)2-HE-3,,SIG"
A0430002,2002,LUNA Collaboration+,Data(B),4.12e-11,7.00303e-12,null,,,EN(EV),4741.22,0.474122,null,,,null,,,null,,,null,,,null,,,1002,1-H-2,P,G,2-HE-3,3,102,CS,CS,1,2,"1-H-2(P,G)2-HE-3,,SIG"
A0430002,2002,LUNA Collaboration+,Data(B),5.0e-11,7.40422e-12,null,,,EN(EV),4831.25,0.483125,null,,,null,,,null,,,null,,,null,,,1002,1-H-2,P,G,2-HE-3,3,102,CS,CS,1,2,"1-H-2(P,G)2-HE-3,,SIG"
A0430002,2002,LUNA Collaboration+,Data(B),1.25e-10,1.5013e-11,null,,,EN(EV),5716.48,0.571648,null,,,null,,,null,,,null,,,null,,,1002,1-H-2,P,G,2-HE-3,3,102,CS,CS,1,2,"1-H-2(P,G)2-HE-3,,SIG"
A0430002,2002,LUNA Collaboration+,Data(B),1.98e-10,1.10445e-11,null,,,EN(EV),6271.62,0.627162,null,,,null,,,null,,,null,,,null,,,1002,1-H-2,P,G,2-HE-3,3,102,CS,CS,1,2,"1-H-2(P,G)2-HE-3,,SIG"
A0430002,2002,LUNA Collaboration+,Data(B),3.07e-10,2.00588e-11,null,,,EN(EV),6841.77,0.684177,null,,,null,,,null,,,null,,,null,,,1002,1-H-2,P,G,2-HE-3,3,102,CS,CS,1,2,"1-H-2(P,G)2-HE-3,,SIG"
A0430002,2002,LUNA Collaboration+,Data(B),3.63e-10,2.20747e-11,null,,,EN(EV),6946.79,0.694679,null,,,null,,,null,,,null,,,null,,,1002,1-H-2,P,G,2-HE-3,3,102,CS,CS,1,2,"1-H-2(P,G)2-HE-3,,SIG"
A0430002,2002,LUNA Collaboration+,Data(B),6.23e-10,4.41101e-11,null,,,EN(EV),7787.01,0.778701,null,,,null,,,null,,,null,,,null,,,1002,1-H-2,P,G,2-HE-3,3,102,CS,CS,1,2,"1-H-2(P,G)2-HE-3,,SIG"
A0430002,2002,LUNA Collaboration+,Data(B),1.034e-9,6.42085e-11,null,,,EN(EV),8777.27,0.877726,null,,,null,,,null,,,null,,,null,,,1002,1-H-2,P,G,2-HE-3,3,102,CS,CS,1,2,"1-H-2(P,G)2-HE-3,,SIG"
A0430002,2002,LUNA Collaboration+,Data(B),1.295e-9,6.63169e-11,null,,,EN(EV),9167.37,0.916737,null,,,null,,,null,,,null,,,null,,,1002,1-H-2,P,G,2-HE-3,3,102,CS,CS,1,2,"1-H-2(P,G)2-HE-3,,SIG"
A0430002,2002,LUNA Collaboration+,Data(B),1.684e-9,6.7527e-11,null,,,EN(EV),9692.5,0.96925,null,,,null,,,null,,,null,,,null,,,1002,1-H-2,P,G,2-HE-3,3,102,CS,CS,1,2,"1-H-2(P,G)2-HE-3,,SIG"
A0430002,2002,LUNA Collaboration+,Data(B),1.98e-9,9.65091e-11,null,,,EN(EV),10112.6,1.01126,null,,,null,,,null,,,null,,,null,,,1002,1-H-2,P,G,2-HE-3,3,102,CS,CS,1,2,"1-H-2(P,G)2-HE-3,,SIG"
A0430002,2002,LUNA Collaboration+,Data(B),2.63e-9,1.10783e-10,null,,,EN(EV),10787.8,1.07878,null,,,null,,,null,,,null,,,null,,,1002,1-H-2,P,G,2-HE-3,3,102,CS,CS,1,2,"1-H-2(P,G)2-HE-3,,SIG"
A0430002,2002,LUNA Collaboration+,Data(B),3.6e-9,1.3124e-10,null,,,EN(EV),11703,1.1703,null,,,null,,,null,,,null,,,null,,,1002,1-H-2,P,G,2-HE-3,3,102,CS,CS,1,2,"1-H-2(P,G)2-HE-3,,SIG"
A0430002,2002,LUNA Collaboration+,Data(B),4.7e-9,1.60017e-9,null,,,EN(EV),12648.3,1.26483,null,,,null,,,null,,,null,,,null,,,1002,1-H-2,P,G,2-HE-3,3,102,CS,CS,1,2,"1-H-2(P,G)2-HE-3,,SIG"
A0430002,2002,LUNA Collaboration+,Data(B),4.73e-9,3.00931e-10,null,,,EN(EV),12768.3,1.27683,null,,,null,,,null,,,null,,,null,,,1002,1-H-2,P,G,2-HE-3,3,102,CS,CS,1,2,"1-H-2(P,G)2-HE-3,,SIG"
A0430002,2002,LUNA Collaboration+,Data(B),5.89e-9,9.50456e-10,null,,,EN(EV),13668.5,1.36685,null,,,null,,,null,,,null,,,null,,,1002,1-H-2,P,G,2-HE-3,3,102,CS,CS,1,2,"1-H-2(P,G)2-HE-3,,SIG"
A0430002,2002,LUNA Collaboration+,Data(B),6.13e-9,4.21117e-10,null,,,EN(EV),13698.5,1.36985,null,,,null,,,null,,,null,,,null,,,1002,1-H-2,P,G,2-HE-3,3,102,CS,CS,1,2,"1-H-2(P,G)2-HE-3,,SIG"
A0430002,2002,LUNA Collaboration+,Data(B),7.49e-9,5.01401e-10,null,,,EN(EV),14598.8,1.45988,null,,,null,,,null,,,null,,,null,,,1002,1-H-2,P,G,2-HE-3,3,102,CS,CS,1,2,"1-H-2(P,G)2-HE-3,,SIG"
A0430002,2002,LUNA Collaboration+,Data(B),7.98e-9,4.51765e-10,null,,,EN(EV),14763.8,1.47638,null,,,null,,,null,,,null,,,null,,,1002,1-H-2,P,G,2-HE-3,3,102,CS,CS,1,2,"1-H-2(P,G)2-HE-3,,SIG"
A0430002,2002,LUNA Collaboration+,Data(B),1.0e-8,2.1006e-9,null,,,EN(EV),15544,1.5544,null,,,null,,,null,,,null,,,null,,,1002,1-H-2,P,G,2-HE-3,3,102,CS,CS,1,2,"1-H-2(P,G)2-HE-3,,SIG"
A0430002,2002,LUNA Collaboration+,Data(B),9.61e-9,6.41801e-10,null,,,EN(EV),15574,1.5574,null,,,null,,,null,,,null,,,null,,,1002,1-H-2,P,G,2-HE-3,3,102,CS,CS,1,2,"1-H-2(P,G)2-HE-3,,SIG"
A0430002,2002,LUNA Collaboration+,Data(B),1.02e-8,2.00065e-9,null,,,EN(EV),15829.1,1.58291,null,,,null,,,null,,,null,,,null,,,1002,1-H-2,P,G,2-HE-3,3,102,CS,CS,1,2,"1-H-2(P,G)2-HE-3,,SIG"
A0430002,2002,LUNA Collaboration+,Data(B),1.022e-8,5.22505e-10,null,,,EN(EV),15934.1,1.59341,null,,,null,,,null,,,null,,,null,,,1002,1-H-2,P,G,2-HE-3,3,102,CS,CS,1,2,"1-H-2(P,G)2-HE-3,,SIG"
A0430002,2002,LUNA Collaboration+,Data(B),1.21e-8,1.30141e-9,null,,,EN(EV),16819.3,1.68193,null,,,null,,,null,,,null,,,null,,,1002,1-H-2,P,G,2-HE-3,3,102,CS,CS,1,2,"1-H-2(P,G)2-HE-3,,SIG"
A0430002,2002,LUNA Collaboration+,Data(B),1.183e-8,5.73061e-10,null,,,EN(EV),16849.3,1.68493,null,,,null,,,null,,,null,,,null,,,1002,1-H-2,P,G,2-HE-3,3,102,CS,CS,1,2,"1-H-2(P,G)2-HE-3,,SIG"
A0430002,2002,LUNA Collaboration+,Data(B),1.42e-8,1.50168e-9,null,,,EN(EV),17779.6,1.77796,null,,,null,,,null,,,null,,,null,,,1002,1-H-2,P,G,2-HE-3,3,102,CS,CS,1,2,"1-H-2(P,G)2-HE-3,,SIG"
A0430002,2002,LUNA Collaboration+,Data(B),1.42e-8,1.4018e-9,null,,,EN(EV),17809.6,1.78096,null,,,null,,,null,,,null,,,null,,,1002,1-H-2,P,G,2-HE-3,3,102,CS,CS,1,2,"1-H-2(P,G)2-HE-3,,SIG"
A0430002,2002,LUNA Collaboration+,Data(B),1.51e-8,1.30219e-9,null,,,EN(EV),18514.8,1.85148,null,,,null,,,null,,,null,,,null,,,1002,1-H-2,P,G,2-HE-3,3,102,CS,CS,1,2,"1-H-2(P,G)2-HE-3,,SIG"
A0430002,2002,LUNA Collaboration+,Data(B),1.6e-8,1.40228e-9,null,,,EN(EV),18589.8,1.85898,null,,,null,,,null,,,null,,,null,,,1002,1-H-2,P,G,2-HE-3,3,102,CS,CS,1,2,"1-H-2(P,G)2-HE-3,,SIG"
A0430002,2002,LUNA Collaboration+,Data(B),1.75e-8,1.70225e-9,null,,,EN(EV),19835.1,1.98351,null,,,null,,,null,,,null,,,null,,,1002,1-H-2,P,G,2-HE-3,3,102,CS,CS,1,2,"1-H-2(P,G)2-HE-3,,SIG"
A0430002,2002,LUNA Collaboration+,Data(B),1.96e-8,1.603e-9,null,,,EN(EV),19835.1,1.98351,null,,,null,,,null,,,null,,,null,,,1002,1-H-2,P,G,2-HE-3,3,102,CS,CS,1,2,"1-H-2(P,G)2-HE-3,,SIG"
A0430002,2002,LUNA Collaboration+,Data(B),2.26e-8,1.60399e-9,null,,,EN(EV),20720.3,2.07203,null,,,null,,,null,,,null,,,null,,,1002,1-H-2,P,G,2-HE-3,3,102,CS,CS,1,2,"1-H-2(P,G)2-HE-3,,SIG"
A0430002,2002,LUNA Collaboration+,Data(B),2.34e-8,1.50456e-9,null,,,EN(EV),21635.6,2.16356,null,,,null,,,null,,,null,,,null,,,1002,1-H-2,P,G,2-HE-3,3,102,CS,CS,1,2,"1-H-2(P,G)2-HE-3,,SIG"
A0430002,2002,LUNA Collaboration+,Data(B),2.86e-8,2.00511e-9,null,,,EN(EV),21830.6,2.18306,null,,,null,,,null,,,null,,,null,,,1002,1-H-2,P,G,2-HE-3,3,102,CS,CS,1,2,"1-H-2(P,G)2-HE-3,,SIG"
A0430002,2002,LUNA Collaboration+,Data(B),2.64e-8,2.10414e-9,null,,,EN(EV),22460.8,2.24608,null,,,null,,,null,,,null,,,null,,,1002,1-H-2,P,G,2-HE-3,3,102,CS,CS,1,2,"1-H-2(P,G)2-HE-3,,SIG"
A0430002,2002,LUNA Collaboration+,Data(B),2.82e-8,3.40292e-9,null,,,EN(EV),23736.1,2.37361,null,,,null,,,null,,,null,,,null,,,1002,1-H-2,P,G,2-HE-3,3,102,CS,CS,1,2,"1-H-2(P,G)2-HE-3,,SIG"
A0430002,2002,LUNA Collaboration+,Data(B),3.28e-8,1.60838e-9,null,,,EN(EV),23841.2,2.38412,null,,,null,,,null,,,null,,,null,,,1002,1-H-2,P,G,2-HE-3,3,102,CS,CS,1,2,"1-H-2(P,G)2-HE-3,,SIG"
A0430002,2002,LUNA Collaboration+,Data(B),3.18e-8,2.10601e-9,null,,,EN(EV),24501.3,2.45013,null,,,null,,,null,,,null,,,null,,,1002,1-H-2,P,G,2-HE-3,3,102,CS,CS,1,2,"1-H-2(P,G)2-HE-3,,SIG"
A0430002,2002,LUNA Collaboration+,Data(B),3.77e-8,3.00592e-9,null,,,EN(EV),25821.7,2.58217,null,,,null,,,null,,,null,,,null,,,1002,1-H-2,P,G,2-HE-3,3,102,CS,CS,1,2,"1-H-2(P,G)2-HE-3,,SIG"
A0430002,2002,LUNA Collaboration+,Data(B),4.07e-8,1.61289e-9,null,,,EN(EV),25851.7,2.58517,null,,,null,,,null,,,null,,,null,,,1002,1-H-2,P,G,2-HE-3,3,102,CS,CS,1,2,"1-H-2(P,G)2-HE-3,,SIG"
A0430002,2002,LUNA Collaboration+,Data(B),3.82e-8,2.30792e-9,null,,,EN(EV),26451.8,2.64518,null,,,null,,,null,,,null,,,null,,,1002,1-H-2,P,G,2-HE-3,3,102,CS,CS,1,2,"1-H-2(P,G)2-HE-3,,SIG"
A0430002,2002,LUNA Collaboration+,Data(B),4.52e-8,3.10823e-9,null,,,EN(EV),27817.2,2.78172,null,,,null,,,null,,,null,,,null,,,1002,1-H-2,P,G,2-HE-3,3,102,CS,CS,1,2,"1-H-2(P,G)2-HE-3,,SIG"
A0430002,2002,LUNA Collaboration+,Data(B),4.97e-8,1.91618e-9,null,,,EN(EV),27847.2,2.78472,null,,,null,,,null,,,null,,,null,,,1002,1-H-2,P,G,2-HE-3,3,102,CS,CS,1,2,"1-H-2(P,G)2-HE-3,,SIG"
A0430002,2002,LUNA Collaboration+,Data(B),4.81e-8,2.71069e-9,null,,,EN(EV),28657.4,2.86574,null,,,null,,,null,,,null,,,null,,,1002,1-H-2,P,G,2-HE-3,3,102,CS,CS,1,2,"1-H-2(P,G)2-HE-3,,SIG"
A0430002,2002,LUNA Collaboration+,Data(B),5.14e-8,2.81177e-9,null,,,EN(EV),29497.6,2.94976,null,,,null,,,null,,,null,,,null,,,1002,1-H-2,P,G,2-HE-3,3,102,CS,CS,1,2,"1-H-2(P,G)2-HE-3,,SIG"
A0430002,2002,LUNA Collaboration+,Data(B),5.25e-8,4.80717e-9,null,,,EN(EV),29662.7,2.96627,null,,,null,,,null,,,null,,,null,,,1002,1-H-2,P,G,2-HE-3,3,102,CS,CS,1,2,"1-H-2(P,G)2-HE-3,,SIG"
A0430002,2002,LUNA Collaboration+,Data(B),5.25e-8,3.50983e-9,null,,,EN(EV),29872.7,2.98727,null,,,null,,,null,,,null,,,null,,,1002,1-H-2,P,G,2-HE-3,3,102,CS,CS,1,2,"1-H-2(P,G)2-HE-3,,SIG"
A0430002,2002,LUNA Collaboration+,Data(B),5.19e-8,2.812e-9,null,,,EN(EV),30652.9,3.06529,null,,,null,,,null,,,null,,,null,,,1002,1-H-2,P,G,2-HE-3,3,102,CS,CS,1,2,"1-H-2(P,G)2-HE-3,,SIG"
A0430002,2002,LUNA Collaboration+,Data(B),5.92e-8,2.21982e-9,null,,,EN(EV),31853.2,3.18532,null,,,null,,,null,,,null,,,null,,,1002,1-H-2,P,G,2-HE-3,3,102,CS,CS,1,2,"1-H-2(P,G)2-HE-3,,SIG"
A0430003,2002,LUNA Collaboration+,Data(B*EV),8.799e-12,3.8259e-12,null,,,EN(EV),3780.98,0.378098,null,,,null,,,null,,,null,,,null,,,1002,1-H-2,P,G,2-HE-3,3,102,CS+,CS,1,2,"1-H-2(P,G)2-HE-3,,SIG,,SFC"
A0430003,2002,LUNA Collaboration+,Data(B*EV),7.17701e-12,2.21207e-12,null,,,EN(EV),3871,0.3871,null,,,null,,,null,,,null,,,null,,,1002,1-H-2,P,G,2-HE-3,3,102,CS+,CS,1,2,"1-H-2(P,G)2-HE-3,,SIG,,SFC"
A0430003,2002,LUNA Collaboration+,Data(B*EV),4.07185e-11,6.87534e-12,null,,,EN(EV),4741.22,0.474122,null,,,null,,,null,,,null,,,null,,,1002,1-H-2,P,G,2-HE-3,3,102,CS+,CS,1,2,"1-H-2(P,G)2-HE-3,,SIG,,SFC"
A0430003,2002,LUNA Collaboration+,Data(B*EV),4.94039e-11,7.33755e-12,null,,,EN(EV),4831.25,0.483125,null,,,null,,,null,,,null,,,null,,,1002,1-H-2,P,G,2-HE-3,3,102,CS+,CS,1,2,"1-H-2(P,G)2-HE-3,,SIG,,SFC"
A0430003,2002,LUNA Collaboration+,Data(B*EV),1.25036e-10,1.49967e-11,null,,,EN(EV),5716.48,0.571648,null,,,null,,,null,,,null,,,null,,,1002,1-H-2,P,G,2-HE-3,3,102,CS+,CS,1,2,"1-H-2(P,G)2-HE-3,,SIG,,SFC"
A0430003,2002,LUNA Collaboration+,Data(B*EV),1.98933e-10,1.11437e-11,null,,,EN(EV),6271.62,0.627162,null,,,null,,,null,,,null,,,null,,,1002,1-H-2,P,G,2-HE-3,3,102,CS+,CS,1,2,"1-H-2(P,G)2-HE-3,,SIG,,SFC"
A0430003,2002,LUNA Collaboration+,Data(B*EV),3.05711e-10,2.0083e-11,null,,,EN(EV),6841.77,0.684177,null,,,null,,,null,,,null,,,null,,,1002,1-H-2,P,G,2-HE-3,3,102,CS+,CS,1,2,"1-H-2(P,G)2-HE-3,,SIG,,SFC"
A0430003,2002,LUNA Collaboration+,Data(B*EV),3.61502e-10,2.16792e-11,null,,,EN(EV),6946.79,0.694679,null,,,null,,,null,,,null,,,null,,,1002,1-H-2,P,G,2-HE-3,3,102,CS+,CS,1,2,"1-H-2(P,G)2-HE-3,,SIG,,SFC"
A0430003,2002,LUNA Collaboration+,Data(B*EV),6.19815e-10,4.49129e-11,null,,,EN(EV),7787.01,0.778701,null,,,null,,,null,,,null,,,null,,,1002,1-H-2,P,G,2-HE-3,3,102,CS+,CS,1,2,"1-H-2(P,G)2-HE-3,,SIG,,SFC"
A0430003,2002,LUNA Collaboration+,Data(B*EV),1.03207e-9,6.39165e-11,null,,,EN(EV),8777.27,0.877726,null,,,null,,,null,,,null,,,null,,,1002,1-H-2,P,G,2-HE-3,3,102,CS+,CS,1,2,"1-H-2(P,G)2-HE-3,,SIG,,SFC"
A0430003,2002,LUNA Collaboration+,Data(B*EV),1.28723e-9,6.67157e-11,null,,,EN(EV),9167.37,0.916737,null,,,null,,,null,,,null,,,null,,,1002,1-H-2,P,G,2-HE-3,3,102,CS+,CS,1,2,"1-H-2(P,G)2-HE-3,,SIG,,SFC"
A0430003,2002,LUNA Collaboration+,Data(B*EV),1.68315e-9,7.11659e-11,null,,,EN(EV),9692.5,0.96925,null,,,null,,,null,,,null,,,null,,,1002,1-H-2,P,G,2-HE-3,3,102,CS+,CS,1,2,"1-H-2(P,G)2-HE-3,,SIG,,SFC"
A0430003,2002,LUNA Collaboration+,Data(B*EV),1.98618e-9,9.9426e-11,null,,,EN(EV),10112.6,1.01126,null,,,null,,,null,,,null,,,null,,,1002,1-H-2,P,G,2-HE-3,3,102,CS+,CS,1,2,"1-H-2(P,G)2-HE-3,,SIG,,SFC"
A0430003,2002,LUNA Collaboration+,Data(B*EV),2.62711e-9,1.08229e-10,null,,,EN(EV),10787.8,1.07878,null,,,null,,,null,,,null,,,null,,,1002,1-H-2,P,G,2-HE-3,3,102,CS+,CS,1,2,"1-H-2(P,G)2-HE-3,,SIG,,SFC"
A0430003,2002,LUNA Collaboration+,Data(B*EV),3.59952e-9,1.29155e-10,null,,,EN(EV),11703,1.1703,null,,,null,,,null,,,null,,,null,,,1002,1-H-2,P,G,2-HE-3,3,102,CS+,CS,1,2,"1-H-2(P,G)2-HE-3,,SIG,,SFC"
A0430003,2002,LUNA Collaboration+,Data(B*EV),4.72515e-9,1.58734e-9,null,,,EN(EV),12648.3,1.26483,null,,,null,,,null,,,null,,,null,,,1002,1-H-2,P,G,2-HE-3,3,102,CS+,CS,1,2,"1-H-2(P,G)2-HE-3,,SIG,,SFC"
A0430003,2002,LUNA Collaboration+,Data(B*EV),4.71876e-9,3.04774e-10,null,,,EN(EV),12768.3,1.27683,null,,,null,,,null,,,null,,,null,,,1002,1-H-2,P,G,2-HE-3,3,102,CS+,CS,1,2,"1-H-2(P,G)2-HE-3,,SIG,,SFC"
A0430003,2002,LUNA Collaboration+,Data(B*EV),5.87222e-9,9.41806e-10,null,,,EN(EV),13668.5,1.36685,null,,,null,,,null,,,null,,,null,,,1002,1-H-2,P,G,2-HE-3,3,102,CS+,CS,1,2,"1-H-2(P,G)2-HE-3,,SIG,,SFC"
A0430003,2002,LUNA Collaboration+,Data(B*EV),6.11733e-9,4.29979e-10,null,,,EN(EV),13698.5,1.36985,null,,,null,,,null,,,null,,,null,,,1002,1-H-2,P,G,2-HE-3,3,102,CS+,CS,1,2,"1-H-2(P,G)2-HE-3,,SIG,,SFC"
A0430003,2002,LUNA Collaboration+,Data(B*EV),7.46051e-9,4.98765e-10,null,,,EN(EV),14598.8,1.45988,null,,,null,,,null,,,null,,,null,,,1002,1-H-2,P,G,2-HE-3,3,102,CS+,CS,1,2,"1-H-2(P,G)2-HE-3,,SIG,,SFC"
A0430003,2002,LUNA Collaboration+,Data(B*EV),7.98252e-9,4.59516e-10,null,,,EN(EV),14763.8,1.47638,null,,,null,,,null,,,null,,,null,,,1002,1-H-2,P,G,2-HE-3,3,102,CS+,CS,1,2,"1-H-2(P,G)2-HE-3,,SIG,,SFC"
A0430003,2002,LUNA Collaboration+,Data(B*EV),1.00691e-8,2.07464e-9,null,,,EN(EV),15544,1.5544,null,,,null,,,null,,,null,,,null,,,1002,1-H-2,P,G,2-HE-3,3,102,CS+,CS,1,2,"1-H-2(P,G)2-HE-3,,SIG,,SFC"
A0430003,2002,LUNA Collaboration+,Data(B*EV),9.58882e-9,6.4105e-10,null,,,EN(EV),15574,1.5574,null,,,null,,,null,,,null,,,null,,,1002,1-H-2,P,G,2-HE-3,3,102,CS+,CS,1,2,"1-H-2(P,G)2-HE-3,,SIG,,SFC"
A0430003,2002,LUNA Collaboration+,Data(B*EV),1.02383e-8,2.0483e-9,null,,,EN(EV),15829.1,1.58291,null,,,null,,,null,,,null,,,null,,,1002,1-H-2,P,G,2-HE-3,3,102,CS+,CS,1,2,"1-H-2(P,G)2-HE-3,,SIG,,SFC"
A0430003,2002,LUNA Collaboration+,Data(B*EV),1.02954e-8,5.42417e-10,null,,,EN(EV),15934.1,1.59341,null,,,null,,,null,,,null,,,null,,,1002,1-H-2,P,G,2-HE-3,3,102,CS+,CS,1,2,"1-H-2(P,G)2-HE-3,,SIG,,SFC"
A0430003,2002,LUNA Collaboration+,Data(B*EV),1.21155e-8,1.26348e-9,null,,,EN(EV),16819.3,1.68193,null,,,null,,,null,,,null,,,null,,,1002,1-H-2,P,G,2-HE-3,3,102,CS+,CS,1,2,"1-H-2(P,G)2-HE-3,,SIG,,SFC"
A0430003,2002,LUNA Collaboration+,Data(B*EV),1.18385e-8,5.94876e-10,null,,,EN(EV),16849.3,1.68493,null,,,null,,,null,,,null,,,null,,,1002,1-H-2,P,G,2-HE-3,3,102,CS+,CS,1,2,"1-H-2(P,G)2-HE-3,,SIG,,SFC"
A0430003,2002,LUNA Collaboration+,Data(B*EV),1.42334e-8,1.52316e-9,null,,,EN(EV),17779.6,1.77796,null,,,null,,,null,,,null,,,null,,,1002,1-H-2,P,G,2-HE-3,3,102,CS+,CS,1,2,"1-H-2(P,G)2-HE-3,,SIG,,SFC"
A0430003,2002,LUNA Collaboration+,Data(B*EV),1.42496e-8,1.38242e-9,null,,,EN(EV),17809.6,1.78096,null,,,null,,,null,,,null,,,null,,,1002,1-H-2,P,G,2-HE-3,3,102,CS+,CS,1,2,"1-H-2(P,G)2-HE-3,,SIG,,SFC"
A0430003,2002,LUNA Collaboration+,Data(B*EV),1.51593e-8,1.31563e-9,null,,,EN(EV),18514.8,1.85148,null,,,null,,,null,,,null,,,null,,,1002,1-H-2,P,G,2-HE-3,3,102,CS+,CS,1,2,"1-H-2(P,G)2-HE-3,,SIG,,SFC"
A0430003,2002,LUNA Collaboration+,Data(B*EV),1.59862e-8,1.3852e-9,null,,,EN(EV),18589.8,1.85898,null,,,null,,,null,,,null,,,null,,,1002,1-H-2,P,G,2-HE-3,3,102,CS+,CS,1,2,"1-H-2(P,G)2-HE-3,,SIG,,SFC"
A0430003,2002,LUNA Collaboration+,Data(B*EV),1.7529e-8,1.76816e-9,null,,,EN(EV),19835.1,1.98351,null,,,null,,,null,,,null,,,null,,,1002,1-H-2,P,G,2-HE-3,3,102,CS+,CS,1,2,"1-H-2(P,G)2-HE-3,,SIG,,SFC"
A0430003,2002,LUNA Collaboration+,Data(B*EV),1.96221e-8,1.63811e-9,null,,,EN(EV),19835.1,1.98351,null,,,null,,,null,,,null,,,null,,,1002,1-H-2,P,G,2-HE-3,3,102,CS+,CS,1,2,"1-H-2(P,G)2-HE-3,,SIG,,SFC"
A0430003,2002,LUNA Collaboration+,Data(B*EV),2.26761e-8,1.6081e-9,null,,,EN(EV),20720.3,2.07203,null,,,null,,,null,,,null,,,null,,,1002,1-H-2,P,G,2-HE-3,3,102,CS+,CS,1,2,"1-H-2(P,G)2-HE-3,,SIG,,SFC"
A0430003,2002,LUNA Collaboration+,Data(B*EV),2.34698e-8,1.54215e-9,null,,,EN(EV),21635.6,2.16356,null,,,null,,,null,,,null,,,null,,,1002,1-H-2,P,G,2-HE-3,3,102,CS+,CS,1,2,"1-H-2(P,G)2-HE-3,,SIG,,SFC"
A0430003,2002,LUNA Collaboration+,Data(B*EV),2.86037e-8,1.98922e-9,null,,,EN(EV),21830.6,2.18306,null,,,null,,,null,,,null,,,null,,,1002,1-H-2,P,G,2-HE-3,3,102,CS+,CS,1,2,"1-H-2(P,G)2-HE-3,,SIG,,SFC"
A0430003,2002,LUNA Collaboration+,Data(B*EV),2.64185e-8,2.12466e-9,null,,,EN(EV),22460.8,2.24608,null,,,null,,,null,,,null,,,null,,,1002,1-H-2,P,G,2-HE-3,3,102,CS+,CS,1,2,"1-H-2(P,G)2-HE-3,,SIG,,SFC"
A0430003,2002,LUNA Collaboration+,Data(B*EV),2.82423e-8,3.40803e-9,null,,,EN(EV),23736.1,2.37361,null,,,null,,,null,,,null,,,null,,,1002,1-H-2,P,G,2-HE-3,3,102,CS+,CS,1,2,"1-H-2(P,G)2-HE-3,,SIG,,SFC"
A0430003,2002,LUNA Collaboration+,Data(B*EV),3.28694e-8,1.62651e-9,null,,,EN(EV),23841.2,2.38412,null,,,null,,,null,,,null,,,null,,,1002,1-H-2,P,G,2-HE-3,3,102,CS+,CS,1,2,"1-H-2(P,G)2-HE-3,,SIG,,SFC"
A0430003,2002,LUNA Collaboration+,Data(B*EV),3.1786e-8,2.15357e-9,null,,,EN(EV),24501.3,2.45013,null,,,null,,,null,,,null,,,null,,,1002,1-H-2,P,G,2-HE-3,3,102,CS+,CS,1,2,"1-H-2(P,G)2-HE-3,,SIG,,SFC"
A0430003,2002,LUNA Collaboration+,Data(B*EV),3.77109e-8,3.00837e-9,null,,,EN(EV),25821.7,2.58217,null,,,null,,,null,,,null,,,null,,,1002,1-H-2,P,G,2-HE-3,3,102,CS+,CS,1,2,"1-H-2(P,G)2-HE-3,,SIG,,SFC"
A0430003,2002,LUNA Collaboration+,Data(B*EV),4.08123e-8,1.69777e-9,null,,,EN(EV),25851.7,2.58517,null,,,null,,,null,,,null,,,null,,,1002,1-H-2,P,G,2-HE-3,3,102,CS+,CS,1,2,"1-H-2(P,G)2-HE-3,,SIG,,SFC"
A0430003,2002,LUNA Collaboration+,Data(B*EV),3.8128e-8,2.28051e-9,null,,,EN(EV),26451.8,2.64518,null,,,null,,,null,,,null,,,null,,,1002,1-H-2,P,G,2-HE-3,3,102,CS+,CS,1,2,"1-H-2(P,G)2-HE-3,,SIG,,SFC"
A0430003,2002,LUNA Collaboration+,Data(B*EV),4.52731e-8,3.08242e-9,null,,,EN(EV),27817.2,2.78172,null,,,null,,,null,,,null,,,null,,,1002,1-H-2,P,G,2-HE-3,3,102,CS+,CS,1,2,"1-H-2(P,G)2-HE-3,,SIG,,SFC"
A0430003,2002,LUNA Collaboration+,Data(B*EV),4.97106e-8,1.97611e-9,null,,,EN(EV),27847.2,2.78472,null,,,null,,,null,,,null,,,null,,,1002,1-H-2,P,G,2-HE-3,3,102,CS+,CS,1,2,"1-H-2(P,G)2-HE-3,,SIG,,SFC"
A0430003,2002,LUNA Collaboration+,Data(B*EV),4.81344e-8,2.82429e-9,null,,,EN(EV),28657.4,2.86574,null,,,null,,,null,,,null,,,null,,,1002,1-H-2,P,G,2-HE-3,3,102,CS+,CS,1,2,"1-H-2(P,G)2-HE-3,,SIG,,SFC"
A0430003,2002,LUNA Collaboration+,Data(B*EV),5.13396e-8,2.82909e-9,null,,,EN(EV),29497.6,2.94976,null,,,null,,,null,,,null,,,null,,,1002,1-H-2,P,G,2-HE-3,3,102,CS+,CS,1,2,"1-H-2(P,G)2-HE-3,,SIG,,SFC"
A0430003,2002,LUNA Collaboration+,Data(B*EV),5.2516e-8,4.91063e-9,null,,,EN(EV),29662.7,2.96627,null,,,null,,,null,,,null,,,null,,,1002,1-H-2,P,G,2-HE-3,3,102,CS+,CS,1,2,"1-H-2(P,G)2-HE-3,,SIG,,SFC"
A0430003,2002,LUNA Collaboration+,Data(B*EV),5.25757e-8,3.5362e-9,null,,,EN(EV),29872.7,2.98727,null,,,null,,,null,,,null,,,null,,,1002,1-H-2,P,G,2-HE-3,3,102,CS+,CS,1,2,"1-H-2(P,G)2-HE-3,,SIG,,SFC"
A0430003,2002,LUNA Collaboration+,Data(B*EV),5.19568e-8,2.87025e-9,null,,,EN(EV),30652.9,3.06529,null,,,null,,,null,,,null,,,null,,,1002,1-H-2,P,G,2-HE-3,3,102,CS+,CS,1,2,"1-H-2(P,G)2-HE-3,,SIG,,SFC"
A0430003,2002,LUNA Collaboration+,Data(B*EV),5.91218e-8,2.1831e-9,null,,,EN(EV),31853.2,3.18532,null,,,null,,,null,,,null,,,null,,,1002,1-H-2,P,G,2-HE-3,3,102,CS+,CS,1,2,"1-H-2(P,G)2-HE-3,,SIG,,SFC"
A0846002,2008,V.M.Bystritsky+,Data(B*EV),3.51807e-9,1.05394e-9,null,,,EN(EV),12100,400,null,,,null,,,null,,,null,,,null,,,1002,1-H-2,P,G,2-HE-3,3,102,CS+,CS,1,2,"1-H-2(P,G)2-HE-3,,SIG,,SFC/AV"
A0846002,2008,V.M.Bystritsky+,Data(B*EV),6.55452e-9,1.5144e-9,null,,,EN(EV),13900,500,null,,,null,,,null,,,null,,,null,,,1002,1-H-2,P,G,2-HE-3,3,102,CS+,CS,1,2,"1-H-2(P,G)2-HE-3,,SIG,,SFC/AV"
A0846002,2008,V.M.Bystritsky+,Data(B*EV),8.59077e-9,1.87383e-9,null,,,EN(EV),14800,500,null,,,null,,,null,,,null,,,null,,,1002,1-H-2,P,G,2-HE-3,3,102,CS+,CS,1,2,"1-H-2(P,G)2-HE-3,,SIG,,SFC/AV"
A0846003,2008,V.M.Bystritsky+,Data(B),3.86e-9,1.8105e-10,null,,,EN(EV),12100,400,null,,,null,,,null,,,null,,,null,,,1002,1-H-2,P,G,2-HE-3,3,102,CS,CS,1,2,"1-H-2(P,G)2-HE-3,,SIG,,,DERIV"
A0846003,2008,V.M.Bystritsky+,Data(B),7.09e-9,3.3255e-10,null,,,EN(EV),13900,500,null,,,null,,,null,,,null,,,null,,,1002,1-H-2,P,G,2-HE-3,3,102,CS,CS,1,2,"1-H-2(P,G)2-HE-3,,SIG,,,DERIV"
A0846003,2008,V.M.Bystritsky+,Data(B),9.24e-9,4.33394e-10,null,,,EN(EV),14800,500,null,,,null,,,null,,,null,,,null,,,1002,1-H-2,P,G,2-HE-3,3,102,CS,CS,1,2,"1-H-2(P,G)2-HE-3,,SIG,,,DERIV"
A1266002,1962,G.M.Griffiths+,Data(B),1.0e-6,1.0e-7,null,,,EN(EV),2.75e+5,,null,,,null,,,null,,,null,,,null,,,1002,1-H-2,P,G,2-HE-3,3,102,CS,CS,1,2,"1-H-2(P,G)2-HE-3,,SIG,,,EXP"
A1266002,1962,G.M.Griffiths+,Data(B),2.2e-6,3.0e-7,null,,,EN(EV),5.8e+5,,null,,,null,,,null,,,null,,,null,,,1002,1-H-2,P,G,2-HE-3,3,102,CS,CS,1,2,"1-H-2(P,G)2-HE-3,,SIG,,,EXP"
A1266002,1962,G.M.Griffiths+,Data(B),2.7e-6,1.0e-7,null,,,EN(EV),7.55e+5,,null,,,null,,,null,,,null,,,null,,,1002,1-H-2,P,G,2-HE-3,3,102,CS,CS,1,2,"1-H-2(P,G)2-HE-3,,SIG,,,EXP"
A1266002,1962,G.M.Griffiths+,Data(B),3.5e-6,4.0e-7,null,,,EN(EV),9.85e+5,,null,,,null,,,null,,,null,,,null,,,1002,1-H-2,P,G,2-HE-3,3,102,CS,CS,1,2,"1-H-2(P,G)2-HE-3,,SIG,,,EXP"
A1266002,1962,G.M.Griffiths+,Data(B),4.9e-6,5.0e-7,null,,,EN(EV),1.75e+6,,null,,,null,,,null,,,null,,,null,,,1002,1-H-2,P,G,2-HE-3,3,102,CS,CS,1,2,"1-H-2(P,G)2-HE-3,,SIG,,,EXP"
A1273002,1963,G.M.Griffiths+,Data(B),4.105e-8,,null,,,EN(EV),24100,100,null,,,null,,,null,,,null,,,null,,,1002,1-H-2,P,G,2-HE-3,3,102,CS,CS,1,2,"1-H-2(P,G)2-HE-3,,SIG,,,EXP"
A1273002,1963,G.M.Griffiths+,Data(B),4.61e-8,,null,,,EN(EV),24400,100,null,,,null,,,null,,,null,,,null,,,1002,1-H-2,P,G,2-HE-3,3,102,CS,CS,1,2,"1-H-2(P,G)2-HE-3,,SIG,,,EXP"
A1273002,1963,G.M.Griffiths+,Data(B),5.336e-8,,null,,,EN(EV),2.7e+4,100,null,,,null,,,null,,,null,,,null,,,1002,1-H-2,P,G,2-HE-3,3,102,CS,CS,1,2,"1-H-2(P,G)2-HE-3,,SIG,,,EXP"
A1273002,1963,G.M.Griffiths+,Data(B),6.585e-8,,null,,,EN(EV),30200,100,null,,,null,,,null,,,null,,,null,,,1002,1-H-2,P,G,2-HE-3,3,102,CS,CS,1,2,"1-H-2(P,G)2-HE-3,,SIG,,,EXP"
A1273002,1963,G.M.Griffiths+,Data(B),8.137e-8,,null,,,EN(EV),33400,100,null,,,null,,,null,,,null,,,null,,,1002,1-H-2,P,G,2-HE-3,3,102,CS,CS,1,2,"1-H-2(P,G)2-HE-3,,SIG,,,EXP"
A1273002,1963,G.M.Griffiths+,Data(B),8.999e-8,,null,,,EN(EV),34500,100,null,,,null,,,null,,,null,,,null,,,1002,1-H-2,P,G,2-HE-3,3,102,CS,CS,1,2,"1-H-2(P,G)2-HE-3,,SIG,,,EXP"
A1273002,1963,G.M.Griffiths+,Data(B),9.681e-8,,null,,,EN(EV),36200,100,null,,,null,,,null,,,null,,,null,,,1002,1-H-2,P,G,2-HE-3,3,102,CS,CS,1,2,"1-H-2(P,G)2-HE-3,,SIG,,,EXP"
A1273002,1963,G.M.Griffiths+,Data(B),1.249e-7,,null,,,EN(EV),39300,100,null,,,null,,,null,,,null,,,null,,,1002,1-H-2,P,G,2-HE-3,3,102,CS,CS,1,2,"1-H-2(P,G)2-HE-3,,SIG,,,EXP"
A1273002,1963,G.M.Griffiths+,Data(B),1.259e-7,,null,,,EN(EV),4.1e+4,100,null,,,null,,,null,,,null,,,null,,,1002,1-H-2,P,G,2-HE-3,3,102,CS,CS,1,2,"1-H-2(P,G)2-HE-3,,SIG,,,EXP"
A1273002,1963,G.M.Griffiths+,Data(B),1.315e-7,,null,,,EN(EV),42200,100,null,,,null,,,null,,,null,,,null,,,1002,1-H-2,P,G,2-HE-3,3,102,CS,CS,1,2,"1-H-2(P,G)2-HE-3,,SIG,,,EXP"
A1273002,1963,G.M.Griffiths+,Data(B),1.597e-7,,null,,,EN(EV),47400,100,null,,,null,,,null,,,null,,,null,,,1002,1-H-2,P,G,2-HE-3,3,102,CS,CS,1,2,"1-H-2(P,G)2-HE-3,,SIG,,,EXP"
A1273002,1963,G.M.Griffiths+,Data(B),1.463e-7,,null,,,EN(EV),48100,100,null,,,null,,,null,,,null,,,null,,,1002,1-H-2,P,G,2-HE-3,3,102,CS,CS,1,2,"1-H-2(P,G)2-HE-3,,SIG,,,EXP"
A1273003,1963,G.M.Griffiths+,Data(B*EV),4.50079e-8,,null,,,EN(EV),23856.2,100,null,,,null,,,null,,,null,,,null,,,1002,1-H-2,P,G,2-HE-3,3,102,CS+,CS,1,2,"1-H-2(P,G)2-HE-3,,SIG,,SFC,EXP"
A1273003,1963,G.M.Griffiths+,Data(B*EV),4.27292e-8,,null,,,EN(EV),24456.3,100,null,,,null,,,null,,,null,,,null,,,1002,1-H-2,P,G,2-HE-3,3,102,CS+,CS,1,2,"1-H-2(P,G)2-HE-3,,SIG,,SFC,EXP"
A1273003,1963,G.M.Griffiths+,Data(B*EV),5.56892e-8,,null,,,EN(EV),27457.1,100,null,,,null,,,null,,,null,,,null,,,1002,1-H-2,P,G,2-HE-3,3,102,CS+,CS,1,2,"1-H-2(P,G)2-HE-3,,SIG,,SFC,EXP"
A1273003,1963,G.M.Griffiths+,Data(B*EV),6.82834e-8,,null,,,EN(EV),30457.9,100,null,,,null,,,null,,,null,,,null,,,1002,1-H-2,P,G,2-HE-3,3,102,CS+,CS,1,2,"1-H-2(P,G)2-HE-3,,SIG,,SFC,EXP"
A1273003,1963,G.M.Griffiths+,Data(B*EV),8.40159e-8,,null,,,EN(EV),33458.6,100,null,,,null,,,null,,,null,,,null,,,1002,1-H-2,P,G,2-HE-3,3,102,CS+,CS,1,2,"1-H-2(P,G)2-HE-3,,SIG,,SFC,EXP"
A1273003,1963,G.M.Griffiths+,Data(B*EV),9.2383e-8,,null,,,EN(EV),34809,100,null,,,null,,,null,,,null,,,null,,,1002,1-H-2,P,G,2-HE-3,3,102,CS+,CS,1,2,"1-H-2(P,G)2-HE-3,,SIG,,SFC,EXP"
A1273003,1963,G.M.Griffiths+,Data(B*EV),9.62566e-8,,null,,,EN(EV),36609.4,100,null,,,null,,,null,,,null,,,null,,,1002,1-H-2,P,G,2-HE-3,3,102,CS+,CS,1,2,"1-H-2(P,G)2-HE-3,,SIG,,SFC,EXP"
A1273003,1963,G.M.Griffiths+,Data(B*EV),1.26435e-7,,null,,,EN(EV),39460.2,100,null,,,null,,,null,,,null,,,null,,,1002,1-H-2,P,G,2-HE-3,3,102,CS+,CS,1,2,"1-H-2(P,G)2-HE-3,,SIG,,SFC,EXP"
A1273003,1963,G.M.Griffiths+,Data(B*EV),1.24077e-7,,null,,,EN(EV),40960.6,100,null,,,null,,,null,,,null,,,null,,,1002,1-H-2,P,G,2-HE-3,3,102,CS+,CS,1,2,"1-H-2(P,G)2-HE-3,,SIG,,SFC,EXP"
A1273003,1963,G.M.Griffiths+,Data(B*EV),1.29155e-7,,null,,,EN(EV),42461,100,null,,,null,,,null,,,null,,,null,,,1002,1-H-2,P,G,2-HE-3,3,102,CS+,CS,1,2,"1-H-2(P,G)2-HE-3,,SIG,,SFC,EXP"
A1273003,1963,G.M.Griffiths+,Data(B*EV),1.62095e-7,,null,,,EN(EV),47862.4,100,null,,,null,,,null,,,null,,,null,,,1002,1-H-2,P,G,2-HE-3,3,102,CS+,CS,1,2,"1-H-2(P,G)2-HE-3,,SIG,,SFC,EXP"
A1273003,1963,G.M.Griffiths+,Data(B*EV),1.42047e-7,,null,,,EN(EV),48762.6,100,null,,,null,,,null,,,null,,,null,,,1002,1-H-2,P,G,2-HE-3,3,102,CS+,CS,1,2,"1-H-2(P,G)2-HE-3,,SIG,,SFC,EXP"
C0405009,1997,G.J.Schmid+,Data(B*EV),7.28451e-9,6.55606e-10,null,,,EN(EV),1.5e+4,5000,null,,,null,,,null,,,null,,,null,,,1002,1-H-2,P,G,2-HE-3,3,102,CS+,CS,1,2,"1-H-2(P,G)2-HE-3,,SIG,,SFC/AV"
C0405009,1997,G.J.Schmid+,Data(B*EV),3.07306e-8,2.76575e-9,null,,,EN(EV),2.5e+4,5000,null,,,null,,,null,,,null,,,null,,,1002,1-H-2,P,G,2-HE-3,3,102,CS+,CS,1,2,"1-H-2(P,G)2-HE-3,,SIG,,SFC/AV"
C0405009,1997,G.J.Schmid+,Data(B*EV),7.31646e-8,6.58481e-9,null,,,EN(EV),3.5e+4,5000,null,,,null,,,null,,,null,,,null,,,1002,1-H-2,P,G,2-HE-3,3,102,CS+,CS,1,2,"1-H-2(P,G)2-HE-3,,SIG,,SFC/AV"
C0405009,1997,G.J.Schmid+,Data(B*EV),1.22588e-7,1.10329e-8,null,,,EN(EV),4.5e+4,5000,null,,,null,,,null,,,null,,,null,,,1002,1-H-2,P,G,2-HE-3,3,102,CS+,CS,1,2,"1-H-2(P,G)2-HE-3,,SIG,,SFC/AV"
C0405009,1997,G.J.Schmid+,Data(B*EV),1.75223e-7,1.577e-8,null,,,EN(EV),5.5e+4,5000,null,,,null,,,null,,,null,,,null,,,1002,1-H-2,P,G,2-HE-3,3,102,CS+,CS,1,2,"1-H-2(P,G)2-HE-3,,SIG,,SFC/AV"
C0405009,1997,G.J.Schmid+,Data(B*EV),2.21677e-7,1.99509e-8,null,,,EN(EV),6.5e+4,5000,null,,,null,,,null,,,null,,,null,,,1002,1-H-2,P,G,2-HE-3,3,102,CS+,CS,1,2,"1-H-2(P,G)2-HE-3,,SIG,,SFC/AV"
C0405009,1997,G.J.Schmid+,Data(B*EV),2.52886e-7,2.27597e-8,null,,,EN(EV),7.5e+4,5000,null,,,null,,,null,,,null,,,null,,,1002,1-H-2,P,G,2-HE-3,3,102,CS+,CS,1,2,"1-H-2(P,G)2-HE-3,,SIG,,SFC/AV"
C1342004,1992,J.Clayton+,Data(B),2.1e-5,2.0e-6,null,,,EN(EV),1.45e+8,,E2(EV),4.0e+7,,null,,,null,,,null,,,null,,,1002,1-H-2,P,G,2-HE-3,3,0,CSP,CSP,2,23,"1-H-2(P,G)2-HE-3,PAR,SIG"
C1342004,1992,J.Clayton+,Data(B),3.4e-5,4.0e-6,null,,,EN(EV),1.95e+8,,E2(EV),4.0e+7,,null,,,null,,,null,,,null,,,1002,1-H-2,P,G,2-HE-3,3,0,CSP,CSP,2,23,"1-H-2(P,G)2-HE-3,PAR,SIG"
C1411003,1999,H.R.Weller,Data(B*EV),1.07669e-7,9.0805e-9,null,,,EN(EV),1.0e+5,,null,,,null,,,null,,,null,,,null,,,1002,1-H-2,P,G,2-HE-3,3,102,CS+,CS,1,2,"1-H-2(P,G)2-HE-3,,SIG,,SFC"
C1637002,1970,G.M.Bailey+,Data(B),2.21e-7,2.6e-8,null,,,EN(EV),54224,,null,,,null,,,null,,,null,,,null,,,1002,1-H-2,P,G,2-HE-3,3,102,CS,CS,1,2,"1-H-2(P,G)2-HE-3,,SIG"
C1637002,1970,G.M.Bailey+,Data(B),4.27e-7,5.8e-8,null,,,EN(EV),91799,,null,,,null,,,null,,,null,,,null,,,1002,1-H-2,P,G,2-HE-3,3,102,CS,CS,1,2,"1-H-2(P,G)2-HE-3,,SIG"
C1637002,1970,G.M.Bailey+,Data(B),6.64e-7,7.4e-8,null,,,EN(EV),1.31476e+5,,null,,,null,,,null,,,null,,,null,,,1002,1-H-2,P,G,2-HE-3,3,102,CS,CS,1,2,"1-H-2(P,G)2-HE-3,,SIG"
C1637002,1970,G.M.Bailey+,Data(B),1.549e-6,1.0e-7,null,,,EN(EV),3.87887e+5,,null,,,null,,,null,,,null,,,null,,,1002,1-H-2,P,G,2-HE-3,3,102,CS,CS,1,2,"1-H-2(P,G)2-HE-3,,SIG"
C1637002,1970,G.M.Bailey+,Data(B),1.771e-6,1.11e-7,null,,,EN(EV),4.64988e+5,,null,,,null,,,null,,,null,,,null,,,1002,1-H-2,P,G,2-HE-3,3,102,CS,CS,1,2,"1-H-2(P,G)2-HE-3,,SIG"
C1637002,1970,G.M.Bailey+,Data(B),2.008e-6,1.06e-7,null,,,EN(EV),5.10904e+5,,null,,,null,,,null,,,null,,,null,,,1002,1-H-2,P,G,2-HE-3,3,102,CS,CS,1,2,"1-H-2(P,G)2-HE-3,,SIG"
C1637002,1970,G.M.Bailey+,Data(B),2.26e-6,1.11e-7,null,,,EN(EV),6.15063e+5,,null,,,null,,,null,,,null,,,null,,,1002,1-H-2,P,G,2-HE-3,3,102,CS,CS,1,2,"1-H-2(P,G)2-HE-3,,SIG"
C1637002,1970,G.M.Bailey+,Data(B),2.345e-6,7.9e-8,null,,,EN(EV),6.48396e+5,,null,,,null,,,null,,,null,,,null,,,1002,1-H-2,P,G,2-HE-3,3,102,CS,CS,1,2,"1-H-2(P,G)2-HE-3,,SIG"
C1637002,1970,G.M.Bailey+,Data(B),2.461e-6,1.06e-7,null,,,EN(EV),6.92149e+5,,null,,,null,,,null,,,null,,,null,,,1002,1-H-2,P,G,2-HE-3,3,102,CS,CS,1,2,"1-H-2(P,G)2-HE-3,,SIG"
C1637002,1970,G.M.Bailey+,Data(B),2.692e-6,1.06e-7,null,,,EN(EV),7.94214e+5,,null,,,null,,,null,,,null,,,null,,,1002,1-H-2,P,G,2-HE-3,3,102,CS,CS,1,2,"1-H-2(P,G)2-HE-3,,SIG"
C1637002,1970,G.M.Bailey+,Data(B),3.314e-6,2.06e-7,null,,,EN(EV),9.92212e+5,,null,,,null,,,null,,,null,,,null,,,1002,1-H-2,P,G,2-HE-3,3,102,CS,CS,1,2,"1-H-2(P,G)2-HE-3,,SIG"
C1637002,1970,G.M.Bailey+,Data(B),3.44e-6,1.79e-7,null,,,EN(EV),1.09421e+6,,null,,,null,,,null,,,null,,,null,,,1002,1-H-2,P,G,2-HE-3,3,102,CS,CS,1,2,"1-H-2(P,G)2-HE-3,,SIG"
C2569002,2020,A.B.Zylstra+,Data(B*EV),4.61909e-8,8.24228e-9,null,,,EN(EV),24531.3,400,null,,,null,,,null,,,null,,,null,,,1002,1-H-2,P,G,2-HE-3,3,102,CS+,CS,1,2,"1-H-2(P,G)2-HE-3,,SIG,,SFC"
D0969005,2019,I.Tisma+,Data(B*EV),5.95819e-7,1.12881e-7,null,,,EN(EV),1.45538e+5,1000,null,,,null,,,null,,,null,,,null,,,1002,1-H-2,P,G,2-HE-3,3,102,CS+,CS,1,2,"1-H-2(P,G)2-HE-3,,SIG,,SFC"
D0969005,2019,I.Tisma+,Data(B*EV),8.09144e-7,1.52782e-7,null,,,EN(EV),1.78546e+5,1000,null,,,null,,,null,,,null,,,null,,,1002,1-H-2,P,G,2-HE-3,3,102,CS+,CS,1,2,"1-H-2(P,G)2-HE-3,,SIG,,SFC"
D0969005,2019,I.Tisma+,Data(B*EV),1.28854e-6,2.41625e-7,null,,,EN(EV),2.55066e+5,1000,null,,,null,,,null,,,null,,,null,,,1002,1-H-2,P,G,2-HE-3,3,102,CS+,CS,1,2,"1-H-2(P,G)2-HE-3,,SIG,,SFC"
D0969005,2019,I.Tisma+,Data(B*EV),1.50449e-6,2.55062e-7,null,,,EN(EV),3.15081e+5,1000,null,,,null,,,null,,,null,,,null,,,1002,1-H-2,P,G,2-HE-3,3,102,CS+,CS,1,2,"1-H-2(P,G)2-HE-3,,SIG,,SFC"
F1083004,2010,V.M.Bystritsky+,Data(B*EV),3.22521e-12,9.21957e-13,null,,,EN(EV),3270.7,,null,,,null,,,null,,,null,,,null,,,1002,1-H-2,P,G,2-HE-3,3,102,CS+,CS,1,2,"1-H-2(P,G)2-HE-3,,SIG,,SFC"
F1083004,2010,V.M.Bystritsky+,Data(B*EV),3.40948e-11,7.73054e-12,null,,,EN(EV),4503.7,,null,,,null,,,null,,,null,,,null,,,1002,1-H-2,P,G,2-HE-3,3,102,CS+,CS,1,2,"1-H-2(P,G)2-HE-3,,SIG,,SFC"
F1083004,2010,V.M.Bystritsky+,Data(B*EV),6.10429e-11,1.33901e-11,null,,,EN(EV),4884.3,,null,,,null,,,null,,,null,,,null,,,1002,1-H-2,P,G,2-HE-3,3,102,CS+,CS,1,2,"1-H-2(P,G)2-HE-3,,SIG,,SFC"
F1083005,2010,V.M.Bystritsky+,Data(B),5.3726e-10,1.568e-10,null,,,EN(EV),8272.2,,null,,,null,,,null,,,null,,,null,,,1002,1-H-2,P,G,2-HE-3,3,102,CS,CS,1,2,"1-H-2(P,G)2-HE-3,,SIG"
F1083005,2010,V.M.Bystritsky+,Data(B),1.1016e-9,2.8952e-10,null,,,EN(EV),9492.2,,null,,,null,,,null,,,null,,,null,,,1002,1-H-2,P,G,2-HE-3,3,102,CS,CS,1,2,"1-H-2(P,G)2-HE-3,,SIG"
F1083005,2010,V.M.Bystritsky+,Data(B),1.5774e-9,4.2377e-10,null,,,EN(EV),10102,,null,,,null,,,null,,,null,,,null,,,1002,1-H-2,P,G,2-HE-3,3,102,CS,CS,1,2,"1-H-2(P,G)2-HE-3,,SIG"
F1229002,2014,V.M.Bystritsky+,Data(B*EV),2.58501e-9,2.10163e-10,null,,,EN(EV),1.1e+4,1760,null,,,null,,,null,,,null,,,null,,,1002,1-H-2,P,G,2-HE-3,3,102,CS+,CS,1,2,"1-H-2(P,G)2-HE-3,,SIG,,SFC"
F1229002,2014,V.M.Bystritsky+,Data(B*EV),4.84317e-9,3.79857e-10,null,,,EN(EV),1.3e+4,2080,null,,,null,,,null,,,null,,,null,,,1002,1-H-2,P,G,2-HE-3,3,102,CS+,CS,1,2,"1-H-2(P,G)2-HE-3,,SIG,,SFC"
F1229002,2014,V.M.Bystritsky+,Data(B*EV),7.96072e-9,5.40728e-10,null,,,EN(EV),1.5e+4,2400,null,,,null,,,null,,,null,,,null,,,1002,1-H-2,P,G,2-HE-3,3,102,CS+,CS,1,2,"1-H-2(P,G)2-HE-3,,SIG,,SFC"
F1229002,2014,V.M.Bystritsky+,Data(B*EV),1.19224e-8,7.80375e-10,null,,,EN(EV),1.7e+4,2720,null,,,null,,,null,,,null,,,null,,,1002,1-H-2,P,G,2-HE-3,3,102,CS+,CS,1,2,"1-H-2(P,G)2-HE-3,,SIG,,SFC"
F1229002,2014,V.M.Bystritsky+,Data(B*EV),1.64595e-8,9.37196e-10,null,,,EN(EV),1.9e+4,3040,null,,,null,,,null,,,null,,,null,,,1002,1-H-2,P,G,2-HE-3,3,102,CS+,CS,1,2,"1-H-2(P,G)2-HE-3,,SIG,,SFC"
F1229003,2014,V.M.Bystritsky+,Data(B),1.85e-9,2.1e-10,null,,,EN(EV),1.1e+4,1760,null,,,null,,,null,,,null,,,null,,,1002,1-H-2,P,G,2-HE-3,3,102,CS,CS,1,2,"1-H-2(P,G)2-HE-3,,SIG"
F1229003,2014,V.M.Bystritsky+,Data(B),4.07e-9,4.1e-10,null,,,EN(EV),1.3e+4,2080,null,,,null,,,null,,,null,,,null,,,1002,1-H-2,P,G,2-HE-3,3,102,CS,CS,1,2,"1-H-2(P,G)2-HE-3,,SIG"
F1229003,2014,V.M.Bystritsky+,Data(B),6.27e-9,4.4e-10,null,,,EN(EV),1.5e+4,2400,null,,,null,,,null,,,null,,,null,,,1002,1-H-2,P,G,2-HE-3,3,102,CS,CS,1,2,"1-H-2(P,G)2-HE-3,,SIG"
F1229003,2014,V.M.Bystritsky+,Data(B),9.08e-9,5.3e-10,null,,,EN(EV),1.7e+4,2720,null,,,null,,,null,,,null,,,null,,,1002,1-H-2,P,G,2-HE-3,3,102,CS,CS,1,2,"1-H-2(P,G)2-HE-3,,SIG"
F1229003,2014,V.M.Bystritsky+,Data(B),1.31e-8,9.3e-10,null,,,EN(EV),1.9e+4,3040,null,,,null,,,null,,,null,,,null,,,1002,1-H-2,P,G,2-HE-3,3,102,CS,CS,1,2,"1-H-2(P,G)2-HE-3,,SIG"
F1230002,2014,V.M.Bystritsky+,Data(B*EV),1.418e-9,1.89067e-10,null,,,EN(EV),9000,1440,null,,,null,,,null,,,null,,,null,,,1002,1-H-2,P,G,2-HE-3,3,102,CS+,CS,1,2,"1-H-2(P,G)2-HE-3,,SIG,,SFC"
F1230002,2014,V.M.Bystritsky+,Data(B*EV),3.04737e-9,3.15245e-10,null,,,EN(EV),1.1e+4,1760,null,,,null,,,null,,,null,,,null,,,1002,1-H-2,P,G,2-HE-3,3,102,CS+,CS,1,2,"1-H-2(P,G)2-HE-3,,SIG,,SFC"
F1230002,2014,V.M.Bystritsky+,Data(B*EV),5.50792e-9,5.69785e-10,null,,,EN(EV),1.3e+4,2080,null,,,null,,,null,,,null,,,null,,,1002,1-H-2,P,G,2-HE-3,3,102,CS+,CS,1,2,"1-H-2(P,G)2-HE-3,,SIG,,SFC"
F1230002,2014,V.M.Bystritsky+,Data(B*EV),8.71174e-9,6.00809e-10,null,,,EN(EV),1.5e+4,2400,null,,,null,,,null,,,null,,,null,,,1002,1-H-2,P,G,2-HE-3,3,102,CS+,CS,1,2,"1-H-2(P,G)2-HE-3,,SIG,,SFC"
F1230002,2014,V.M.Bystritsky+,Data(B*EV),1.25727e-8,8.67083e-10,null,,,EN(EV),1.7e+4,2720,null,,,null,,,null,,,null,,,null,,,1002,1-H-2,P,G,2-HE-3,3,102,CS+,CS,1,2,"1-H-2(P,G)2-HE-3,,SIG,,SFC"
F1230002,2014,V.M.Bystritsky+,Data(B*EV),1.75724e-8,1.17149e-9,null,,,EN(EV),1.9e+4,3040,null,,,null,,,null,,,null,,,null,,,1002,1-H-2,P,G,2-HE-3,3,102,CS+,CS,1,2,"1-H-2(P,G)2-HE-3,,SIG,,SFC"
F1230003,2014,V.M.Bystritsky+,Data(B),1.2e-9,1.3e-10,null,,,EN(EV),9000,1440,null,,,null,,,null,,,null,,,null,,,1002,1-H-2,P,G,2-HE-3,3,102,CS,CS,1,2,"1-H-2(P,G)2-HE-3,,SIG"
F1230003,2014,V.M.Bystritsky+,Data(B),2.7e-9,2.5e-10,null,,,EN(EV),1.1e+4,1760,null,,,null,,,null,,,null,,,null,,,1002,1-H-2,P,G,2-HE-3,3,102,CS,CS,1,2,"1-H-2(P,G)2-HE-3,,SIG"
F1230003,2014,V.M.Bystritsky+,Data(B),4.72e-9,4.2e-10,null,,,EN(EV),1.3e+4,2080,null,,,null,,,null,,,null,,,null,,,1002,1-H-2,P,G,2-HE-3,3,102,CS,CS,1,2,"1-H-2(P,G)2-HE-3,,SIG"
F1230003,2014,V.M.Bystritsky+,Data(B),8.12e-9,4.4e-10,null,,,EN(EV),1.5e+4,2400,null,,,null,,,null,,,null,,,null,,,1002,1-H-2,P,G,2-HE-3,3,102,CS,CS,1,2,"1-H-2(P,G)2-HE-3,,SIG"
F1230003,2014,V.M.Bystritsky+,Data(B),1.158e-8,6.0e-10,null,,,EN(EV),1.7e+4,2720,null,,,null,,,null,,,null,,,null,,,1002,1-H-2,P,G,2-HE-3,3,102,CS,CS,1,2,"1-H-2(P,G)2-HE-3,,SIG"
F1230003,2014,V.M.Bystritsky+,Data(B),1.598e-8,7.7e-10,null,,,EN(EV),1.9e+4,3040,null,,,null,,,null,,,null,,,null,,,1002,1-H-2,P,G,2-HE-3,3,102,CS,CS,1,2,"1-H-2(P,G)2-HE-3,,SIG"
F1271002,2015,V.M.Bystritsky+,Data(B*EV),1.16749e-9,1.7016e-10,null,,,EN(EV),9000,,null,,,null,,,null,,,null,,,null,,,1002,1-H-2,P,G,2-HE-3,3,102,CS+,CS,1,2,"1-H-2(P,G)2-HE-3,,SIG,,SFC"
F1271002,2015,V.M.Bystritsky+,Data(B*EV),2.65857e-9,3.36262e-10,null,,,EN(EV),1.1e+4,,null,,,null,,,null,,,null,,,null,,,1002,1-H-2,P,G,2-HE-3,3,102,CS+,CS,1,2,"1-H-2(P,G)2-HE-3,,SIG,,SFC"
F1271002,2015,V.M.Bystritsky+,Data(B*EV),4.93813e-9,5.50792e-10,null,,,EN(EV),1.3e+4,,null,,,null,,,null,,,null,,,null,,,1002,1-H-2,P,G,2-HE-3,3,102,CS+,CS,1,2,"1-H-2(P,G)2-HE-3,,SIG,,SFC"
F1271002,2015,V.M.Bystritsky+,Data(B*EV),7.99076e-9,8.11093e-10,null,,,EN(EV),1.5e+4,,null,,,null,,,null,,,null,,,null,,,1002,1-H-2,P,G,2-HE-3,3,102,CS+,CS,1,2,"1-H-2(P,G)2-HE-3,,SIG,,SFC"
F1271002,2015,V.M.Bystritsky+,Data(B*EV),1.17923e-8,1.30062e-9,null,,,EN(EV),1.7e+4,,null,,,null,,,null,,,null,,,null,,,1002,1-H-2,P,G,2-HE-3,3,102,CS+,CS,1,2,"1-H-2(P,G)2-HE-3,,SIG,,SFC"
F1271002,2015,V.M.Bystritsky+,Data(B*EV),1.62838e-8,1.87439e-9,null,,,EN(EV),1.9e+4,,null,,,null,,,null,,,null,,,null,,,1002,1-H-2,P,G,2-HE-3,3,102,CS+,CS,1,2,"1-H-2(P,G)2-HE-3,,SIG,,SFC"
F1271002,2015,V.M.Bystritsky+,Data(B*EV),2.13957e-8,2.33545e-9,null,,,EN(EV),2.1e+4,,null,,,null,,,null,,,null,,,null,,,1002,1-H-2,P,G,2-HE-3,3,102,CS+,CS,1,2,"1-H-2(P,G)2-HE-3,,SIG,,SFC"
F1271002,2015,V.M.Bystritsky+,Data(B*EV),2.70567e-8,3.07886e-9,null,,,EN(EV),2.3e+4,,null,,,null,,,null,,,null,,,null,,,1002,1-H-2,P,G,2-HE-3,3,102,CS+,CS,1,2,"1-H-2(P,G)2-HE-3,,SIG,,SFC"
F1271002,2015,V.M.Bystritsky+,Data(B*EV),3.30858e-8,3.58897e-9,null,,,EN(EV),2.5e+4,,null,,,null,,,null,,,null,,,null,,,1002,1-H-2,P,G,2-HE-3,3,102,CS+,CS,1,2,"1-H-2(P,G)2-HE-3,,SIG,,SFC"
F1271002,2015,V.M.Bystritsky+,Data(B*EV),3.96242e-8,4.08089e-9,null,,,EN(EV),2.7e+4,,null,,,null,,,null,,,null,,,null,,,1002,1-H-2,P,G,2-HE-3,3,102,CS+,CS,1,2,"1-H-2(P,G)2-HE-3,,SIG,,SFC"
F1271002,2015,V.M.Bystritsky+,Data(B*EV),4.65208e-8,3.93988e-9,null,,,EN(EV),2.9e+4,,null,,,null,,,null,,,null,,,null,,,1002,1-H-2,P,G,2-HE-3,3,102,CS+,CS,1,2,"1-H-2(P,G)2-HE-3,,SIG,,SFC"
F1271002,2015,V.M.Bystritsky+,Data(B*EV),5.00872e-8,3.87772e-9,null,,,EN(EV),3.0e+4,,null,,,null,,,null,,,null,,,null,,,1002,1-H-2,P,G,2-HE-3,3,102,CS+,CS,1,2,"1-H-2(P,G)2-HE-3,,SIG,,SFC"
F1271002,2015,V.M.Bystritsky+,Data(B*EV),5.37244e-8,4.63437e-9,null,,,EN(EV),3.1e+4,,null,,,null,,,null,,,null,,,null,,,1002,1-H-2,P,G,2-HE-3,3,102,CS+,CS,1,2,"1-H-2(P,G)2-HE-3,,SIG,,SFC"
F1271002,2015,V.M.Bystritsky+,Data(B*EV),5.7245e-8,4.72499e-9,null,,,EN(EV),3.2e+4,,null,,,null,,,null,,,null,,,null,,,1002,1-H-2,P,G,2-HE-3,3,102,CS+,CS,1,2,"1-H-2(P,G)2-HE-3,,SIG,,SFC"
F1271002,2015,V.M.Bystritsky+,Data(B*EV),6.09974e-8,4.60358e-9,null,,,EN(EV),3.3e+4,,null,,,null,,,null,,,null,,,null,,,1002,1-H-2,P,G,2-HE-3,3,102,CS+,CS,1,2,"1-H-2(P,G)2-HE-3,,SIG,,SFC"
F1271002,2015,V.M.Bystritsky+,Data(B*EV),6.4805e-8,4.64335e-9,null,,,EN(EV),3.4e+4,,null,,,null,,,null,,,null,,,null,,,1002,1-H-2,P,G,2-HE-3,3,102,CS+,CS,1,2,"1-H-2(P,G)2-HE-3,,SIG,,SFC"
F1271002,2015,V.M.Bystritsky+,Data(B*EV),6.86633e-8,4.87425e-9,null,,,EN(EV),3.5e+4,,null,,,null,,,null,,,null,,,null,,,1002,1-H-2,P,G,2-HE-3,3,102,CS+,CS,1,2,"1-H-2(P,G)2-HE-3,,SIG,,SFC"
O2214002,1967,W.Woelfli+,Data(B),5.25e-6,4.88e-7,null,,,EN(EV),2.11e+6,,null,,,null,,,null,,,null,,,null,,,1002,1-H-2,P,G,2-HE-3,3,102,CS,CS,1,2,"1-H-2(P,G)2-HE-3,,SIG"
O2214002,1967,W.Woelfli+,Data(B),6.7e-6,5.84e-7,null,,,EN(EV),2.83e+6,,null,,,null,,,null,,,null,,,null,,,1002,1-H-2,P,G,2-HE-3,3,102,CS,CS,1,2,"1-H-2(P,G)2-HE-3,,SIG"
O2214002,1967,W.Woelfli+,Data(B),7.01e-6,6.89e-7,null,,,EN(EV),2.96e+6,,null,,,null,,,null,,,null,,,null,,,1002,1-H-2,P,G,2-HE-3,3,102,CS,CS,1,2,"1-H-2(P,G)2-HE-3,,SIG"
O2214002,1967,W.Woelfli+,Data(B),7.16e-6,6.22e-7,null,,,EN(EV),3.35e+6,,null,,,null,,,null,,,null,,,null,,,1002,1-H-2,P,G,2-HE-3,3,102,CS,CS,1,2,"1-H-2(P,G)2-HE-3,,SIG"
O2214002,1967,W.Woelfli+,Data(B),7.68e-6,7.08e-7,null,,,EN(EV),3.92e+6,,null,,,null,,,null,,,null,,,null,,,1002,1-H-2,P,G,2-HE-3,3,102,CS,CS,1,2,"1-H-2(P,G)2-HE-3,,SIG"
O2214002,1967,W.Woelfli+,Data(B),7.84e-6,6.89e-7,null,,,EN(EV),4.33e+6,,null,,,null,,,null,,,null,,,null,,,1002,1-H-2,P,G,2-HE-3,3,102,CS,CS,1,2,"1-H-2(P,G)2-HE-3,,SIG"
O2214002,1967,W.Woelfli+,Data(B),8.0e-6,7.47e-7,null,,,EN(EV),4.88e+6,,null,,,null,,,null,,,null,,,null,,,1002,1-H-2,P,G,2-HE-3,3,102,CS,CS,1,2,"1-H-2(P,G)2-HE-3,,SIG"
O2214002,1967,W.Woelfli+,Data(B),8.29e-6,7.66e-7,null,,,EN(EV),5.39e+6,,null,,,null,,,null,,,null,,,null,,,1002,1-H-2,P,G,2-HE-3,3,102,CS,CS,1,2,"1-H-2(P,G)2-HE-3,,SIG"
O2214002,1967,W.Woelfli+,Data(B),8.49e-6,7.18e-7,null,,,EN(EV),5.91e+6,,null,,,null,,,null,,,null,,,null,,,1002,1-H-2,P,G,2-HE-3,3,102,CS,CS,1,2,"1-H-2(P,G)2-HE-3,,SIG"
O2214002,1967,W.Woelfli+,Data(B),8.79e-6,8.91e-7,null,,,EN(EV),6.32e+6,,null,,,null,,,null,,,null,,,null,,,1002,1-H-2,P,G,2-HE-3,3,102,CS,CS,1,2,"1-H-2(P,G)2-HE-3,,SIG"
O2214002,1967,W.Woelfli+,Data(B),8.8e-6,8.33e-7,null,,,EN(EV),6.91e+6,,null,,,null,,,null,,,null,,,null,,,1002,1-H-2,P,G,2-HE-3,3,102,CS,CS,1,2,"1-H-2(P,G)2-HE-3,,SIG"
O2214002,1967,W.Woelfli+,Data(B),9.08e-6,9.77e-7,null,,,EN(EV),7.37e+6,,null,,,null,,,null,,,null,,,null,,,1002,1-H-2,P,G,2-HE-3,3,102,CS,CS,1,2,"1-H-2(P,G)2-HE-3,,SIG"
O2214002,1967,W.Woelfli+,Data(B),8.49e-6,9.0e-7,null,,,EN(EV),7.87e+6,,null,,,null,,,null,,,null,,,null,,,1002,1-H-2,P,G,2-HE-3,3,102,CS,CS,1,2,"1-H-2(P,G)2-HE-3,,SIG"
O2214002,1967,W.Woelfli+,Data(B),8.63e-6,9.29e-7,null,,,EN(EV),8.33e+6,,null,,,null,,,null,,,null,,,null,,,1002,1-H-2,P,G,2-HE-3,3,102,CS,CS,1,2,"1-H-2(P,G)2-HE-3,,SIG"
O2214002,1967,W.Woelfli+,Data(B),8.4e-6,1.02e-6,null,,,EN(EV),8.91e+6,,null,,,null,,,null,,,null,,,null,,,1002,1-H-2,P,G,2-HE-3,3,102,CS,CS,1,2,"1-H-2(P,G)2-HE-3,,SIG"
O2214002,1967,W.Woelfli+,Data(B),8.87e-6,9.77e-7,null,,,EN(EV),9.36e+6,,null,,,null,,,null,,,null,,,null,,,1002,1-H-2,P,G,2-HE-3,3,102,CS,CS,1,2,"1-H-2(P,G)2-HE-3,,SIG"
O2214002,1967,W.Woelfli+,Data(B),8.44e-6,1.04e-6,null,,,EN(EV),9.88e+6,,null,,,null,,,null,,,null,,,null,,,1002,1-H-2,P,G,2-HE-3,3,102,CS,CS,1,2,"1-H-2(P,G)2-HE-3,,SIG"
O2214002,1967,W.Woelfli+,Data(B),8.38e-6,1.05e-6,null,,,EN(EV),1.036e+7,,null,,,null,,,null,,,null,,,null,,,1002,1-H-2,P,G,2-HE-3,3,102,CS,CS,1,2,"1-H-2(P,G)2-HE-3,,SIG"
O2214002,1967,W.Woelfli+,Data(B),8.29e-6,1.02e-6,null,,,EN(EV),1.09e+7,,null,,,null,,,null,,,null,,,null,,,1002,1-H-2,P,G,2-HE-3,3,102,CS,CS,1,2,"1-H-2(P,G)2-HE-3,,SIG"
O2214002,1967,W.Woelfli+,Data(B),8.39e-6,1.22e-6,null,,,EN(EV),1.189e+7,,null,,,null,,,null,,,null,,,null,,,1002,1-H-2,P,G,2-HE-3,3,102,CS,CS,1,2,"1-H-2(P,G)2-HE-3,,SIG"
O2388003,1983,M.Anghinolfi+,Data(B/SR),6.40885e-6,3.76991e-7,null,,,EN(EV),2.39675e+7,,null,,,null,,,null,,,null,,,null,,,1002,1-H-2,P,G,2-HE-3,3,102,CS,CS,1,2,"1-H-2(P,G)2-HE-3,,SIG,,D4PI"
O2388003,1983,M.Anghinolfi+,Data(B/SR),5.27788e-6,5.02655e-7,null,,,EN(EV),2.79735e+7,,null,,,null,,,null,,,null,,,null,,,1002,1-H-2,P,G,2-HE-3,3,102,CS,CS,1,2,"1-H-2(P,G)2-HE-3,,SIG,,D4PI"
O2388003,1983,M.Anghinolfi+,Data(B/SR),4.77522e-6,3.76991e-7,null,,,EN(EV),3.19795e+7,,null,,,null,,,null,,,null,,,null,,,1002,1-H-2,P,G,2-HE-3,3,102,CS,CS,1,2,"1-H-2(P,G)2-HE-3,,SIG,,D4PI"
O2388003,1983,M.Anghinolfi+,Data(B/SR),4.1469e-6,3.76991e-7,null,,,EN(EV),3.59706e+7,,null,,,null,,,null,,,null,,,null,,,1002,1-H-2,P,G,2-HE-3,3,102,CS,CS,1,2,"1-H-2(P,G)2-HE-3,,SIG,,D4PI"
O2388003,1983,M.Anghinolfi+,Data(B/SR),4.1469e-6,3.76991e-7,null,,,EN(EV),3.99766e+7,,null,,,null,,,null,,,null,,,null,,,1002,1-H-2,P,G,2-HE-3,3,102,CS,CS,1,2,"1-H-2(P,G)2-HE-3,,SIG,,D4PI"
O2556002,2021,S.Turkat+,Data(B*EV),2.57694e-6,6.24712e-7,null,,,EN(EV),3.97603e+5,,null,,,null,,,null,,,null,,,null,,,1002,1-H-2,P,G,2-HE-3,3,102,CS+,CS,1,2,"1-H-2(P,G)2-HE-3,,SIG,,SFC"
O2556002,2021,S.Turkat+,Data(B*EV),3.62841e-6,8.49201e-7,null,,,EN(EV),4.18608e+5,,null,,,null,,,null,,,null,,,null,,,1002,1-H-2,P,G,2-HE-3,3,102,CS+,CS,1,2,"1-H-2(P,G)2-HE-3,,SIG,,SFC"
O2556002,2021,S.Turkat+,Data(B*EV),3.24103e-6,4.41959e-7,null,,,EN(EV),4.99629e+5,,null,,,null,,,null,,,null,,,null,,,1002,1-H-2,P,G,2-HE-3,3,102,CS+,CS,1,2,"1-H-2(P,G)2-HE-3,,SIG,,SFC"
O2556002,2021,S.Turkat+,Data(B*EV),3.39834e-6,8.32246e-7,null,,,EN(EV),6.00155e+5,,null,,,null,,,null,,,null,,,null,,,1002,1-H-2,P,G,2-HE-3,3,102,CS+,CS,1,2,"1-H-2(P,G)2-HE-3,,SIG,,SFC"
O2556002,2021,S.Turkat+,Data(B*EV),3.19028e-6,4.16123e-7,null,,,EN(EV),6.00155e+5,,null,,,null,,,null,,,null,,,null,,,1002,1-H-2,P,G,2-HE-3,3,102,CS+,CS,1,2,"1-H-2(P,G)2-HE-3,,SIG,,SFC"
O2556002,2021,S.Turkat+,Data(B*EV),3.48221e-6,5.25617e-7,null,,,EN(EV),6.91679e+5,,null,,,null,,,null,,,null,,,null,,,1002,1-H-2,P,G,2-HE-3,3,102,CS+,CS,1,2,"1-H-2(P,G)2-HE-3,,SIG,,SFC"
O2556002,2021,S.Turkat+,Data(B*EV),3.65693e-6,5.22418e-7,null,,,EN(EV),7.02181e+5,,null,,,null,,,null,,,null,,,null,,,1002,1-H-2,P,G,2-HE-3,3,102,CS+,CS,1,2,"1-H-2(P,G)2-HE-3,,SIG,,SFC"
O2556002,2021,S.Turkat+,Data(B*EV),4.44086e-6,4.31751e-7,null,,,EN(EV),8.02707e+5,,null,,,null,,,null,,,null,,,null,,,1002,1-H-2,P,G,2-HE-3,3,102,CS+,CS,1,2,"1-H-2(P,G)2-HE-3,,SIG,,SFC"
O2556002,2021,S.Turkat+,Data(B*EV),2.8989e-6,4.31751e-7,null,,,EN(EV),8.02707e+5,,null,,,null,,,null,,,null,,,null,,,1002,1-H-2,P,G,2-HE-3,3,102,CS+,CS,1,2,"1-H-2(P,G)2-HE-3,,SIG,,SFC"
O2556002,2021,S.Turkat+,Data(B*EV),6.26223e-6,1.60712e-6,null,,,EN(EV),1.00526e+6,,null,,,null,,,null,,,null,,,null,,,1002,1-H-2,P,G,2-HE-3,3,102,CS+,CS,1,2,"1-H-2(P,G)2-HE-3,,SIG,,SFC"
O2556002,2021,S.Turkat+,Data(B*EV),4.7902e-6,1.03425e-6,null,,,EN(EV),1.04127e+6,,null,,,null,,,null,,,null,,,null,,,1002,1-H-2,P,G,2-HE-3,3,102,CS+,CS,1,2,"1-H-2(P,G)2-HE-3,,SIG,,SFC"
O2556002,2021,S.Turkat+,Data(B*EV),6.30468e-6,1.9399e-7,null,,,EN(EV),1.29033e+6,,null,,,null,,,null,,,null,,,null,,,1002,1-H-2,P,G,2-HE-3,3,102,CS+,CS,1,2,"1-H-2(P,G)2-HE-3,,SIG,,SFC"
O2556002,2021,S.Turkat+,Data(B*EV),6.23321e-6,1.08972e-6,null,,,EN(EV),1.5499e+6,,null,,,null,,,null,,,null,,,null,,,1002,1-H-2,P,G,2-HE-3,3,102,CS+,CS,1,2,"1-H-2(P,G)2-HE-3,,SIG,,SFC"
O2556002,2021,S.Turkat+,Data(B*EV),5.89368e-6,2.10488e-6,null,,,EN(EV),1.64142e+6,,null,,,null,,,null,,,null,,,null,,,1002,1-H-2,P,G,2-HE-3,3,102,CS+,CS,1,2,"1-H-2(P,G)2-HE-3,,SIG,,SFC"
O2556003,2021,S.Turkat+,Data(B*EV),2.18649e-6,3.90445e-7,null,,,EN(EV),3.97603e+5,,null,,,null,,,null,,,null,,,null,,,1002,1-H-2,P,G,2-HE-3,3,102,CS+,CS,1,2,"1-H-2(P,G)2-HE-3,,SIG,,SFC"
O2556003,2021,S.Turkat+,Data(B*EV),2.0844e-6,4.63201e-7,null,,,EN(EV),4.18608e+5,,null,,,null,,,null,,,null,,,null,,,1002,1-H-2,P,G,2-HE-3,3,102,CS+,CS,1,2,"1-H-2(P,G)2-HE-3,,SIG,,SFC"
O2556003,2021,S.Turkat+,Data(B*EV),3.46201e-6,3.68299e-7,null,,,EN(EV),4.99629e+5,,null,,,null,,,null,,,null,,,null,,,1002,1-H-2,P,G,2-HE-3,3,102,CS+,CS,1,2,"1-H-2(P,G)2-HE-3,,SIG,,SFC"
O2556003,2021,S.Turkat+,Data(B*EV),3.53705e-6,3.46769e-7,null,,,EN(EV),6.00155e+5,,null,,,null,,,null,,,null,,,null,,,1002,1-H-2,P,G,2-HE-3,3,102,CS+,CS,1,2,"1-H-2(P,G)2-HE-3,,SIG,,SFC"
O2556003,2021,S.Turkat+,Data(B*EV),2.49674e-6,4.85477e-7,null,,,EN(EV),6.00155e+5,,null,,,null,,,null,,,null,,,null,,,1002,1-H-2,P,G,2-HE-3,3,102,CS+,CS,1,2,"1-H-2(P,G)2-HE-3,,SIG,,SFC"
O2556003,2021,S.Turkat+,Data(B*EV),3.61362e-6,3.94213e-7,null,,,EN(EV),6.91679e+5,,null,,,null,,,null,,,null,,,null,,,1002,1-H-2,P,G,2-HE-3,3,102,CS+,CS,1,2,"1-H-2(P,G)2-HE-3,,SIG,,SFC"
O2556003,2021,S.Turkat+,Data(B*EV),3.78753e-6,3.91814e-7,null,,,EN(EV),7.02181e+5,,null,,,null,,,null,,,null,,,null,,,1002,1-H-2,P,G,2-HE-3,3,102,CS+,CS,1,2,"1-H-2(P,G)2-HE-3,,SIG,,SFC"
O2556003,2021,S.Turkat+,Data(B*EV),4.68758e-6,3.70072e-7,null,,,EN(EV),8.02707e+5,,null,,,null,,,null,,,null,,,null,,,1002,1-H-2,P,G,2-HE-3,3,102,CS+,CS,1,2,"1-H-2(P,G)2-HE-3,,SIG,,SFC"
O2556003,2021,S.Turkat+,Data(B*EV),3.39233e-6,3.70072e-7,null,,,EN(EV),8.02707e+5,,null,,,null,,,null,,,null,,,null,,,1002,1-H-2,P,G,2-HE-3,3,102,CS+,CS,1,2,"1-H-2(P,G)2-HE-3,,SIG,,SFC"
O2556003,2021,S.Turkat+,Data(B*EV),7.15661e-6,2.10488e-6,null,,,EN(EV),1.64142e+6,,null,,,null,,,null,,,null,,,null,,,1002,1-H-2,P,G,2-HE-3,3,102,CS+,CS,1,2,"1-H-2(P,G)2-HE-3,,SIG,,SFC"
O2556004,2021,S.Turkat+,Data(B*EV),2.26458e-6,3.1542e-7,null,,,EN(EV),3.97603e+5,,null,,,null,,,null,,,null,,,null,,,1002,1-H-2,P,G,2-HE-3,3,102,CS+,CS,1,2,"1-H-2(P,G)2-HE-3,,SIG,,SFC/AV"
O2556004,2021,S.Turkat+,Data(B*EV),2.3932e-6,5.37806e-7,null,,,EN(EV),4.18608e+5,,null,,,null,,,null,,,null,,,null,,,1002,1-H-2,P,G,2-HE-3,3,102,CS+,CS,1,2,"1-H-2(P,G)2-HE-3,,SIG,,SFC/AV"
O2556004,2021,S.Turkat+,Data(B*EV),3.38835e-6,2.71068e-7,null,,,EN(EV),4.99629e+5,,null,,,null,,,null,,,null,,,null,,,1002,1-H-2,P,G,2-HE-3,3,102,CS+,CS,1,2,"1-H-2(P,G)2-HE-3,,SIG,,SFC/AV"
O2556004,2021,S.Turkat+,Data(B*EV),2.77415e-6,4.43865e-7,null,,,EN(EV),6.00155e+5,,null,,,null,,,null,,,null,,,null,,,1002,1-H-2,P,G,2-HE-3,3,102,CS+,CS,1,2,"1-H-2(P,G)2-HE-3,,SIG,,SFC/AV"
O2556004,2021,S.Turkat+,Data(B*EV),3.39834e-6,2.71867e-7,null,,,EN(EV),6.00155e+5,,null,,,null,,,null,,,null,,,null,,,1002,1-H-2,P,G,2-HE-3,3,102,CS+,CS,1,2,"1-H-2(P,G)2-HE-3,,SIG,,SFC/AV"
O2556004,2021,S.Turkat+,Data(B*EV),3.54791e-6,2.83833e-7,null,,,EN(EV),6.91679e+5,,null,,,null,,,null,,,null,,,null,,,1002,1-H-2,P,G,2-HE-3,3,102,CS+,CS,1,2,"1-H-2(P,G)2-HE-3,,SIG,,SFC/AV"
O2556004,2021,S.Turkat+,Data(B*EV),3.72223e-6,2.97778e-7,null,,,EN(EV),7.02181e+5,,null,,,null,,,null,,,null,,,null,,,1002,1-H-2,P,G,2-HE-3,3,102,CS+,CS,1,2,"1-H-2(P,G)2-HE-3,,SIG,,SFC/AV"
O2556004,2021,S.Turkat+,Data(B*EV),4.56422e-6,2.73853e-7,null,,,EN(EV),8.02707e+5,,null,,,null,,,null,,,null,,,null,,,1002,1-H-2,P,G,2-HE-3,3,102,CS+,CS,1,2,"1-H-2(P,G)2-HE-3,,SIG,,SFC/AV"
O2556004,2021,S.Turkat+,Data(B*EV),3.20729e-6,2.56583e-7,null,,,EN(EV),8.02707e+5,,null,,,null,,,null,,,null,,,null,,,1002,1-H-2,P,G,2-HE-3,3,102,CS+,CS,1,2,"1-H-2(P,G)2-HE-3,,SIG,,SFC/AV"
O2556004,2021,S.Turkat+,Data(B*EV),6.26223e-6,1.56556e-6,null,,,EN(EV),1.00526e+6,,null,,,null,,,null,,,null,,,null,,,1002,1-H-2,P,G,2-HE-3,3,102,CS+,CS,1,2,"1-H-2(P,G)2-HE-3,,SIG,,SFC/AV"
O2556004,2021,S.Turkat+,Data(B*EV),4.7902e-6,1.00594e-6,null,,,EN(EV),1.04127e+6,,null,,,null,,,null,,,null,,,null,,,1002,1-H-2,P,G,2-HE-3,3,102,CS+,CS,1,2,"1-H-2(P,G)2-HE-3,,SIG,,SFC/AV"
O2556004,2021,S.Turkat+,Data(B*EV),6.25618e-6,1.81429e-6,null,,,EN(EV),1.29033e+6,,null,,,null,,,null,,,null,,,null,,,1002,1-H-2,P,G,2-HE-3,3,102,CS+,CS,1,2,"1-H-2(P,G)2-HE-3,,SIG,,SFC/AV"
O2556004,2021,S.Turkat+,Data(B*EV),6.23321e-6,1.12198e-6,null,,,EN(EV),1.5499e+6,,null,,,null,,,null,,,null,,,null,,,1002,1-H-2,P,G,2-HE-3,3,102,CS+,CS,1,2,"1-H-2(P,G)2-HE-3,,SIG,,SFC/AV"
O2556004,2021,S.Turkat+,Data(B*EV),6.65143e-6,1.3968e-6,null,,,EN(EV),1.64142e+6,,null,,,null,,,null,,,null,,,null,,,1002,1-H-2,P,G,2-HE-3,3,102,CS+,CS,1,2,"1-H-2(P,G)2-HE-3,,SIG,,SFC/AV"
